-- MariaDB dump 10.19  Distrib 10.4.32-MariaDB, for Win64 (AMD64)
--
-- Host: localhost    Database: csit5demo_leyga
-- ------------------------------------------------------
-- Server version	10.4.32-MariaDB

/*!40101 SET @OLD_CHARACTER_SET_CLIENT=@@CHARACTER_SET_CLIENT */;
/*!40101 SET @OLD_CHARACTER_SET_RESULTS=@@CHARACTER_SET_RESULTS */;
/*!40101 SET @OLD_COLLATION_CONNECTION=@@COLLATION_CONNECTION */;
/*!40101 SET NAMES utf8mb4 */;
/*!40103 SET @OLD_TIME_ZONE=@@TIME_ZONE */;
/*!40103 SET TIME_ZONE='+00:00' */;
/*!40014 SET @OLD_UNIQUE_CHECKS=@@UNIQUE_CHECKS, UNIQUE_CHECKS=0 */;
/*!40014 SET @OLD_FOREIGN_KEY_CHECKS=@@FOREIGN_KEY_CHECKS, FOREIGN_KEY_CHECKS=0 */;
/*!40101 SET @OLD_SQL_MODE=@@SQL_MODE, SQL_MODE='NO_AUTO_VALUE_ON_ZERO' */;
/*!40111 SET @OLD_SQL_NOTES=@@SQL_NOTES, SQL_NOTES=0 */;

--
-- Table structure for table `enrolment`
--

DROP TABLE IF EXISTS `enrolment`;
/*!40101 SET @saved_cs_client     = @@character_set_client */;
/*!40101 SET character_set_client = utf8 */;
CREATE TABLE `enrolment` (
  `idno` varchar(10) NOT NULL,
  `subject_id` varchar(10) NOT NULL,
  `date_enrolled` datetime DEFAULT current_timestamp(),
  PRIMARY KEY (`idno`,`subject_id`),
  KEY `subject_id` (`subject_id`),
  CONSTRAINT `enrolment_ibfk_1` FOREIGN KEY (`idno`) REFERENCES `student` (`idno`),
  CONSTRAINT `enrolment_ibfk_2` FOREIGN KEY (`subject_id`) REFERENCES `subject` (`subject_id`)
) ENGINE=InnoDB DEFAULT CHARSET=utf8mb4 COLLATE=utf8mb4_general_ci;
/*!40101 SET character_set_client = @saved_cs_client */;

--
-- Dumping data for table `enrolment`
--

LOCK TABLES `enrolment` WRITE;
/*!40000 ALTER TABLE `enrolment` DISABLE KEYS */;
INSERT INTO `enrolment` VALUES ('2302025','SUBJ015','2025-02-13 11:45:26'),('2302025','SUBJ021','2025-02-13 11:45:26'),('2302025','SUBJ027','2025-02-13 12:09:52'),('2302025','SUBJ037','2025-02-13 12:09:52'),('2302025','SUBJ038','2025-02-13 11:45:26'),('2302025','SUBJ039','2025-02-13 11:45:26'),('2302025','SUBJ047','2025-02-13 11:45:26'),('2302025','SUBJ048','2025-02-13 12:09:52'),('2302026','SUBJ002','2025-02-13 12:09:52'),('2302026','SUBJ003','2025-02-13 12:09:52'),('2302026','SUBJ015','2025-02-13 11:45:26'),('2302026','SUBJ021','2025-02-13 11:45:26'),('2302026','SUBJ027','2025-02-13 12:09:52'),('2302026','SUBJ037','2025-02-13 12:09:52'),('2302026','SUBJ038','2025-02-13 11:45:26'),('2302026','SUBJ039','2025-02-13 11:45:26'),('2302026','SUBJ047','2025-02-13 11:45:26'),('2302026','SUBJ048','2025-02-13 12:09:52'),('2302027','SUBJ002','2025-02-13 12:09:52'),('2302027','SUBJ003','2025-02-13 12:09:52'),('2302027','SUBJ015','2025-02-13 11:45:26'),('2302027','SUBJ021','2025-02-13 11:45:26'),('2302027','SUBJ027','2025-02-13 12:09:52'),('2302027','SUBJ037','2025-02-13 12:09:52'),('2302027','SUBJ038','2025-02-13 11:45:26'),('2302027','SUBJ039','2025-02-13 11:45:26'),('2302027','SUBJ047','2025-02-13 11:45:26'),('2302027','SUBJ048','2025-02-13 12:09:52'),('2302028','SUBJ002','2025-02-13 12:09:52'),('2302028','SUBJ003','2025-02-13 12:09:52'),('2302028','SUBJ015','2025-02-13 11:45:26'),('2302028','SUBJ021','2025-02-13 11:45:26'),('2302028','SUBJ027','2025-02-13 12:09:52'),('2302028','SUBJ037','2025-02-13 12:09:52'),('2302028','SUBJ038','2025-02-13 11:45:26'),('2302028','SUBJ039','2025-02-13 11:45:26'),('2302028','SUBJ047','2025-02-13 11:45:26'),('2302028','SUBJ048','2025-02-13 12:09:52'),('2302029','SUBJ002','2025-02-13 12:09:52'),('2302029','SUBJ003','2025-02-13 12:09:52'),('2302029','SUBJ015','2025-02-13 11:45:26'),('2302029','SUBJ021','2025-02-13 11:45:26'),('2302029','SUBJ027','2025-02-13 12:09:52'),('2302029','SUBJ037','2025-02-13 12:09:52'),('2302029','SUBJ038','2025-02-13 11:45:26'),('2302029','SUBJ039','2025-02-13 11:45:26'),('2302029','SUBJ047','2025-02-13 11:45:26'),('2302029','SUBJ048','2025-02-13 12:09:52'),('2302030','SUBJ002','2025-02-13 12:09:52'),('2302030','SUBJ003','2025-02-13 12:09:52'),('2302030','SUBJ015','2025-02-13 11:45:26'),('2302030','SUBJ021','2025-02-13 11:45:26'),('2302030','SUBJ027','2025-02-13 12:09:52'),('2302030','SUBJ037','2025-02-13 12:09:52'),('2302030','SUBJ038','2025-02-13 11:45:26'),('2302030','SUBJ039','2025-02-13 11:45:26'),('2302030','SUBJ047','2025-02-13 11:45:26'),('2302030','SUBJ048','2025-02-13 12:09:52'),('2302031','SUBJ002','2025-02-13 12:09:52'),('2302031','SUBJ003','2025-02-13 12:09:52'),('2302031','SUBJ015','2025-02-13 11:45:26'),('2302031','SUBJ021','2025-02-13 11:45:26'),('2302031','SUBJ027','2025-02-13 12:09:52'),('2302031','SUBJ037','2025-02-13 12:09:52'),('2302031','SUBJ038','2025-02-13 11:45:26'),('2302031','SUBJ039','2025-02-13 11:45:26'),('2302031','SUBJ047','2025-02-13 11:45:26'),('2302031','SUBJ048','2025-02-13 12:09:52'),('2302032','SUBJ002','2025-02-13 12:09:52'),('2302032','SUBJ003','2025-02-13 12:09:52'),('2302032','SUBJ015','2025-02-13 11:45:26'),('2302032','SUBJ021','2025-02-13 11:45:26'),('2302032','SUBJ027','2025-02-13 12:09:52'),('2302032','SUBJ037','2025-02-13 12:09:52'),('2302032','SUBJ038','2025-02-13 11:45:26'),('2302032','SUBJ039','2025-02-13 11:45:26'),('2302032','SUBJ047','2025-02-13 11:45:26'),('2302032','SUBJ048','2025-02-13 12:09:52'),('2302033','SUBJ002','2025-02-13 12:09:52'),('2302033','SUBJ003','2025-02-13 12:09:52'),('2302033','SUBJ015','2025-02-13 11:45:26'),('2302033','SUBJ021','2025-02-13 11:45:26'),('2302033','SUBJ027','2025-02-13 12:09:52'),('2302033','SUBJ037','2025-02-13 12:09:52'),('2302033','SUBJ038','2025-02-13 11:45:26'),('2302033','SUBJ039','2025-02-13 11:45:26'),('2302033','SUBJ047','2025-02-13 11:45:26'),('2302033','SUBJ048','2025-02-13 12:09:52'),('2302034','SUBJ002','2025-02-13 12:09:52'),('2302034','SUBJ003','2025-02-13 12:09:52'),('2302034','SUBJ015','2025-02-13 11:45:26'),('2302034','SUBJ021','2025-02-13 11:45:26'),('2302034','SUBJ027','2025-02-13 12:09:52'),('2302034','SUBJ037','2025-02-13 12:09:52'),('2302034','SUBJ038','2025-02-13 11:45:26'),('2302034','SUBJ039','2025-02-13 11:45:26'),('2302034','SUBJ047','2025-02-13 11:45:26'),('2302034','SUBJ048','2025-02-13 12:09:52'),('2302035','SUBJ002','2025-02-13 12:09:52'),('2302035','SUBJ003','2025-02-13 12:09:52'),('2302035','SUBJ015','2025-02-13 11:45:26'),('2302035','SUBJ021','2025-02-13 11:45:26'),('2302035','SUBJ027','2025-02-13 12:09:52'),('2302035','SUBJ037','2025-02-13 12:09:52'),('2302035','SUBJ038','2025-02-13 11:45:26'),('2302035','SUBJ039','2025-02-13 11:45:26'),('2302035','SUBJ047','2025-02-13 11:45:26'),('2302035','SUBJ048','2025-02-13 12:09:52'),('2302036','SUBJ002','2025-02-13 12:09:52'),('2302036','SUBJ003','2025-02-13 12:09:52'),('2302036','SUBJ015','2025-02-13 11:45:26'),('2302036','SUBJ021','2025-02-13 11:45:26'),('2302036','SUBJ027','2025-02-13 12:09:52'),('2302036','SUBJ037','2025-02-13 12:09:52'),('2302036','SUBJ038','2025-02-13 11:45:26'),('2302036','SUBJ039','2025-02-13 11:45:26'),('2302036','SUBJ047','2025-02-13 11:45:26'),('2302036','SUBJ048','2025-02-13 12:09:52'),('2302037','SUBJ002','2025-02-13 12:09:52'),('2302037','SUBJ003','2025-02-13 12:09:52'),('2302037','SUBJ015','2025-02-13 11:45:26'),('2302037','SUBJ021','2025-02-13 11:45:26'),('2302037','SUBJ027','2025-02-13 12:09:52'),('2302037','SUBJ037','2025-02-13 12:09:52'),('2302037','SUBJ038','2025-02-13 11:45:26'),('2302037','SUBJ039','2025-02-13 11:45:26'),('2302037','SUBJ047','2025-02-13 11:45:26'),('2302037','SUBJ048','2025-02-13 12:09:52'),('2302038','SUBJ002','2025-02-13 12:09:52'),('2302038','SUBJ003','2025-02-13 12:09:52'),('2302038','SUBJ015','2025-02-13 11:45:26'),('2302038','SUBJ021','2025-02-13 11:45:26'),('2302038','SUBJ027','2025-02-13 12:09:52'),('2302038','SUBJ037','2025-02-13 12:09:52'),('2302038','SUBJ038','2025-02-13 11:45:26'),('2302038','SUBJ039','2025-02-13 11:45:26'),('2302038','SUBJ047','2025-02-13 11:45:26'),('2302038','SUBJ048','2025-02-13 12:09:52'),('2302039','SUBJ002','2025-02-13 12:09:52'),('2302039','SUBJ003','2025-02-13 12:09:52'),('2302039','SUBJ015','2025-02-13 11:45:26'),('2302039','SUBJ021','2025-02-13 11:45:26'),('2302039','SUBJ027','2025-02-13 12:09:52'),('2302039','SUBJ037','2025-02-13 12:09:52'),('2302039','SUBJ038','2025-02-13 11:45:26'),('2302039','SUBJ039','2025-02-13 11:45:26'),('2302039','SUBJ047','2025-02-13 11:45:26'),('2302039','SUBJ048','2025-02-13 12:09:52'),('2302040','SUBJ002','2025-02-13 12:09:52'),('2302040','SUBJ003','2025-02-13 12:09:52'),('2302040','SUBJ015','2025-02-13 11:45:26'),('2302040','SUBJ021','2025-02-13 11:45:26'),('2302040','SUBJ027','2025-02-13 12:09:52'),('2302040','SUBJ037','2025-02-13 12:09:52'),('2302040','SUBJ038','2025-02-13 11:45:26'),('2302040','SUBJ039','2025-02-13 11:45:26'),('2302040','SUBJ047','2025-02-13 11:45:26'),('2302040','SUBJ048','2025-02-13 12:09:52'),('2302041','SUBJ002','2025-02-13 12:09:52'),('2302041','SUBJ003','2025-02-13 12:09:52'),('2302041','SUBJ015','2025-02-13 11:45:26'),('2302041','SUBJ021','2025-02-13 11:45:26'),('2302041','SUBJ027','2025-02-13 12:09:52'),('2302041','SUBJ037','2025-02-13 12:09:52'),('2302041','SUBJ038','2025-02-13 11:45:26'),('2302041','SUBJ039','2025-02-13 11:45:26'),('2302041','SUBJ047','2025-02-13 11:45:26'),('2302041','SUBJ048','2025-02-13 12:09:52'),('2302042','SUBJ002','2025-02-13 12:09:52'),('2302042','SUBJ003','2025-02-13 12:09:52'),('2302042','SUBJ015','2025-02-13 11:45:26'),('2302042','SUBJ021','2025-02-13 11:45:26'),('2302042','SUBJ027','2025-02-13 12:09:52'),('2302042','SUBJ037','2025-02-13 12:09:52'),('2302042','SUBJ038','2025-02-13 11:45:26'),('2302042','SUBJ039','2025-02-13 11:45:26'),('2302042','SUBJ047','2025-02-13 11:45:26'),('2302042','SUBJ048','2025-02-13 12:09:52'),('2302043','SUBJ002','2025-02-13 12:09:52'),('2302043','SUBJ003','2025-02-13 12:09:52'),('2302043','SUBJ015','2025-02-13 11:45:26'),('2302043','SUBJ021','2025-02-13 11:45:26'),('2302043','SUBJ027','2025-02-13 12:09:52'),('2302043','SUBJ037','2025-02-13 12:09:52'),('2302043','SUBJ038','2025-02-13 11:45:26'),('2302043','SUBJ039','2025-02-13 11:45:26'),('2302043','SUBJ047','2025-02-13 11:45:26'),('2302043','SUBJ048','2025-02-13 12:09:52'),('2302044','SUBJ002','2025-02-13 12:09:52'),('2302044','SUBJ003','2025-02-13 12:09:52'),('2302044','SUBJ015','2025-02-13 11:45:26'),('2302044','SUBJ021','2025-02-13 11:45:26'),('2302044','SUBJ027','2025-02-13 12:09:52'),('2302044','SUBJ037','2025-02-13 12:09:52'),('2302044','SUBJ038','2025-02-13 11:45:26'),('2302044','SUBJ039','2025-02-13 11:45:26'),('2302044','SUBJ047','2025-02-13 11:45:26'),('2302044','SUBJ048','2025-02-13 12:09:52'),('2302045','SUBJ002','2025-02-13 12:09:52'),('2302045','SUBJ003','2025-02-13 12:09:52'),('2302045','SUBJ015','2025-02-13 11:45:26'),('2302045','SUBJ021','2025-02-13 11:45:26'),('2302045','SUBJ027','2025-02-13 12:09:52'),('2302045','SUBJ037','2025-02-13 12:09:52'),('2302045','SUBJ038','2025-02-13 11:45:26'),('2302045','SUBJ039','2025-02-13 11:45:26'),('2302045','SUBJ047','2025-02-13 11:45:26'),('2302045','SUBJ048','2025-02-13 12:09:52'),('2302046','SUBJ002','2025-02-13 12:09:52'),('2302046','SUBJ003','2025-02-13 12:09:52'),('2302046','SUBJ015','2025-02-13 11:45:26'),('2302046','SUBJ021','2025-02-13 11:45:26'),('2302046','SUBJ027','2025-02-13 12:09:52'),('2302046','SUBJ037','2025-02-13 12:09:52'),('2302046','SUBJ038','2025-02-13 11:45:26'),('2302046','SUBJ039','2025-02-13 11:45:26'),('2302046','SUBJ047','2025-02-13 11:45:26'),('2302046','SUBJ048','2025-02-13 12:09:52'),('2302047','SUBJ002','2025-02-13 12:09:52'),('2302047','SUBJ003','2025-02-13 12:09:52'),('2302047','SUBJ015','2025-02-13 11:45:26'),('2302047','SUBJ021','2025-02-13 11:45:26'),('2302047','SUBJ027','2025-02-13 12:09:52'),('2302047','SUBJ037','2025-02-13 12:09:52'),('2302047','SUBJ038','2025-02-13 11:45:26'),('2302047','SUBJ039','2025-02-13 11:45:26'),('2302047','SUBJ047','2025-02-13 11:45:26'),('2302047','SUBJ048','2025-02-13 12:09:52'),('2302048','SUBJ002','2025-02-13 12:09:52'),('2302048','SUBJ003','2025-02-13 12:09:52'),('2302048','SUBJ015','2025-02-13 11:45:26'),('2302048','SUBJ021','2025-02-13 11:45:26'),('2302048','SUBJ027','2025-02-13 12:09:52'),('2302048','SUBJ037','2025-02-13 12:09:52'),('2302048','SUBJ038','2025-02-13 11:45:26'),('2302048','SUBJ039','2025-02-13 11:45:26'),('2302048','SUBJ047','2025-02-13 11:45:26'),('2302048','SUBJ048','2025-02-13 12:09:52'),('2302049','SUBJ002','2025-02-13 12:09:52'),('2302049','SUBJ003','2025-02-13 12:09:52'),('2302049','SUBJ015','2025-02-13 11:45:26'),('2302049','SUBJ021','2025-02-13 11:45:26'),('2302049','SUBJ027','2025-02-13 12:09:52'),('2302049','SUBJ037','2025-02-13 12:09:52'),('2302049','SUBJ038','2025-02-13 11:45:26'),('2302049','SUBJ039','2025-02-13 11:45:26'),('2302049','SUBJ047','2025-02-13 11:45:26'),('2302049','SUBJ048','2025-02-13 12:09:52'),('2302050','SUBJ002','2025-02-13 12:09:52'),('2302050','SUBJ003','2025-02-13 12:09:52');
/*!40000 ALTER TABLE `enrolment` ENABLE KEYS */;
UNLOCK TABLES;

--
-- Table structure for table `student`
--

DROP TABLE IF EXISTS `student`;
/*!40101 SET @saved_cs_client     = @@character_set_client */;
/*!40101 SET character_set_client = utf8 */;
CREATE TABLE `student` (
  `idno` varchar(10) NOT NULL,
  `firstname` varchar(30) DEFAULT NULL,
  `middle_initial` varchar(1) DEFAULT NULL,
  `lastname` varchar(30) DEFAULT NULL,
  `course` varchar(10) DEFAULT NULL,
  `year` varchar(1) DEFAULT NULL,
  PRIMARY KEY (`idno`)
) ENGINE=InnoDB DEFAULT CHARSET=utf8mb4 COLLATE=utf8mb4_general_ci;
/*!40101 SET character_set_client = @saved_cs_client */;

--
-- Dumping data for table `student`
--

LOCK TABLES `student` WRITE;
/*!40000 ALTER TABLE `student` DISABLE KEYS */;
INSERT INTO `student` VALUES ('2302023','John','D','Doe','BSIT','2'),('2302024','Jane','M','Smith','BSIT','3'),('2302025','Robert','L','Johnson','BSIT','1'),('2302026','Emily','A','Davis','BSCS','4'),('2302027','Michael','B','Brown','BSIT','2'),('2302028','Sophia','C','Williams','BSIT','3'),('2302029','Daniel','E','Jones','BSCS','1'),('2302030','Olivia','F','Garcia','BSIT','4'),('2302031','Matthew','G','Miller','BSIT','2'),('2302032','Emma','H','Martinez','BSCS','3'),('2302033','James','I','Hernandez','BSIT','1'),('2302034','Charlotte','J','Lopez','BSIT','2'),('2302035','Benjamin','K','Gonzalez','BSCS','4'),('2302036','Ava','L','Wilson','BSIT','3'),('2302037','Lucas','M','Anderson','BSIT','1'),('2302038','Mia','N','Thomas','BSIT','2'),('2302039','Ethan','O','Taylor','BSCS','4'),('2302040','Amelia','P','Moore','BSIT','3'),('2302041','Alexander','Q','Jackson','BSIT','2'),('2302042','Harper','R','Martin','BSIT','1'),('2302043','Henry','S','Lee','BSCS','4'),('2302044','Evelyn','T','Perez','BSIT','3'),('2302045','Sebastian','U','Thompson','BSIT','2'),('2302046','Luna','V','White','BSIT','1'),('2302047','Jack','W','Harris','BSCS','4'),('2302048','Scarlett','X','Sanchez','BSIT','3'),('2302049','Owen','Y','Clark','BSIT','2'),('2302050','Ella','Z','Ramirez','BSCS','1'),('2302051','Samuel','A','Lewis','BSIT','4'),('2302052','Chloe','B','Robinson','BSIT','3'),('2302053','Joseph','C','Walker','BSIT','2'),('2302054','Grace','D','Young','BSCS','1'),('2302055','David','E','Allen','BSIT','4'),('2302056','Madison','F','King','BSIT','3'),('2302057','Daniel','G','Wright','BSIT','2'),('2302058','Riley','H','Scott','BSCS','1'),('2302059','Zoe','I','Green','BSIT','4'),('2302060','Luke','J','white','BSCS','3'),('2302061','William','N','Taylor','BSIT','1'),('2302062','Ella','O','Hernandez','BSIT','2'),('2302063','Daniel','P','Martinez','BSCS','3'),('2302064','Madison','Q','Lopez','BSIT','4'),('2302065','Henry','R','Gonzalez','BSCS','1'),('2302066','Scarlett','S','Wilson','BSIT','2'),('2302067','Michael','T','Anderson','BSCS','3'),('2302068','Sophia','U','Thomas','BSIT','4'),('2302069','Ethan','V','Jackson','BSCS','1'),('2302070','Isabella','W','White','BSIT','2'),('2302071','Jacob','X','Harris','BSIT','3'),('2302078','KAYE LEYGA','M','MOMO','BSIT','2');
/*!40000 ALTER TABLE `student` ENABLE KEYS */;
UNLOCK TABLES;

--
-- Table structure for table `subject`
--

DROP TABLE IF EXISTS `subject`;
/*!40101 SET @saved_cs_client     = @@character_set_client */;
/*!40101 SET character_set_client = utf8 */;
CREATE TABLE `subject` (
  `subject_id` varchar(10) NOT NULL,
  `subject_name` varchar(100) DEFAULT NULL,
  `course` varchar(10) DEFAULT NULL,
  `year_level` varchar(1) DEFAULT NULL,
  `units` int(11) DEFAULT NULL,
  PRIMARY KEY (`subject_id`)
) ENGINE=InnoDB DEFAULT CHARSET=utf8mb4 COLLATE=utf8mb4_general_ci;
/*!40101 SET character_set_client = @saved_cs_client */;

--
-- Dumping data for table `subject`
--

LOCK TABLES `subject` WRITE;
/*!40000 ALTER TABLE `subject` DISABLE KEYS */;
INSERT INTO `subject` VALUES ('SUBJ001','Introduction to Computing','BSIT','1',3),('SUBJ002','Computer Programming 1','BSIT','1',3),('SUBJ003','Discrete Mathematics','BSIT','1',3),('SUBJ004','Digital Logic Design','BSIT','1',3),('SUBJ005','English Communication Skills 1','BSIT','1',3),('SUBJ006','Computer Programming 2','BSIT','2',3),('SUBJ007','Data Structures and Algorithms','BSIT','2',3),('SUBJ008','Database Management System','BSIT','2',3),('SUBJ009','Operating Systems','BSIT','2',3),('SUBJ010','Web Development','BSIT','2',3),('SUBJ011','Software Engineering','BSIT','3',3),('SUBJ012','Computer Networks','BSIT','3',3),('SUBJ013','Mobile Application Development','BSIT','3',3),('SUBJ014','Artificial Intelligence','BSIT','3',3),('SUBJ015','Human-Computer Interaction','BSIT','3',3),('SUBJ016','System Administration','BSIT','4',3),('SUBJ017','Cloud Computing','BSIT','4',3),('SUBJ018','Cybersecurity Fundamentals','BSIT','4',3),('SUBJ019','Capstone Project 1','BSIT','4',3),('SUBJ020','Capstone Project 2','BSIT','4',3),('SUBJ021','Introduction to Programming','BSCS','1',3),('SUBJ022','Calculus for Computer Science','BSCS','1',3),('SUBJ023','Physics for Computing','BSCS','1',3),('SUBJ024','Linear Algebra','BSCS','1',3),('SUBJ025','Computer Organization','BSCS','1',3),('SUBJ026','Object-Oriented Programming','BSCS','2',3),('SUBJ027','Software Design Patterns','BSCS','2',3),('SUBJ028','Database Systems','BSCS','2',3),('SUBJ029','Computer Architecture','BSCS','2',3),('SUBJ030','Operating Systems','BSCS','2',3),('SUBJ031','Machine Learning','BSCS','3',3),('SUBJ032','Computer Graphics','BSCS','3',3),('SUBJ033','Cryptography','BSCS','3',3),('SUBJ034','Programming Languages','BSCS','3',3),('SUBJ035','Parallel Computing','BSCS','3',3),('SUBJ036','Cloud Computing','BSCS','4',3),('SUBJ037','Distributed Systems','BSCS','4',3),('SUBJ038','Natural Language Processing','BSCS','4',3),('SUBJ039','Big Data Analytics','BSCS','4',3),('SUBJ040','Capstone Project 1','BSCS','4',3),('SUBJ041','Capstone Project 2','BSCS','4',3),('SUBJ042','Technical Writing','BSIT','3',3),('SUBJ043','Mobile Game Development','BSIT','3',3),('SUBJ044','Business Process Management','BSIT','3',3),('SUBJ045','Ethical Hacking','BSIT','4',3),('SUBJ046','IT Project Management','BSIT','4',3),('SUBJ047','Advanced Web Development','BSIT','4',3),('SUBJ048','Software Testing and Quality Assurance','BSIT','4',3),('SUBJ049','E-Commerce Technology','BSIT','4',3),('SUBJ050','Digital Forensics','BSIT','4',3);
/*!40000 ALTER TABLE `subject` ENABLE KEYS */;
UNLOCK TABLES;
/*!40103 SET TIME_ZONE=@OLD_TIME_ZONE */;

/*!40101 SET SQL_MODE=@OLD_SQL_MODE */;
/*!40014 SET FOREIGN_KEY_CHECKS=@OLD_FOREIGN_KEY_CHECKS */;
/*!40014 SET UNIQUE_CHECKS=@OLD_UNIQUE_CHECKS */;
/*!40101 SET CHARACTER_SET_CLIENT=@OLD_CHARACTER_SET_CLIENT */;
/*!40101 SET CHARACTER_SET_RESULTS=@OLD_CHARACTER_SET_RESULTS */;
/*!40101 SET COLLATION_CONNECTION=@OLD_COLLATION_CONNECTION */;
/*!40111 SET SQL_NOTES=@OLD_SQL_NOTES */;

-- Dump completed on 2025-02-13 17:06:16
